0,1,2,3,4,5,6
-2.216487274156854,-0.2756785085563619,-1.2109311711864779,-0.09449423610389579,1.1904856335398195,0.02545704256195669,0.5536862010797684
-2.3471623023050894,0.34715739827618053,-0.9201808272634058,0.5198394737587458,0.2023618204693981,-0.6387481639197543,0.7208655241409931
-2.582279469181649,0.042244885158478684,-0.8091475751160189,-0.38987826645695994,0.12904039926470023,-0.39878180859683243,0.6852980142815075
-2.109565521688159,1.7094426764137467,-1.3565722907560682,-0.44492236204246444,-0.4057207066193398,0.157812508335752,-0.042532670638248116
-1.6848840305044748,1.7248139094405548,-1.479316933694196,1.452717013657035,-0.3583745333049627,0.14357200623959088,0.15222877955242467
-1.1526284769781123,1.2268569432950462,-1.900479566565586,1.3192573726286898,1.216891314376865,-0.8283315138604832,-0.347373479712086
-2.3769549567407653,0.74117920063615,-0.9844378235616865,-0.43966126267362676,0.037055961749942135,-0.6061629223684262,0.673947023147807
-2.3459224954349036,0.8758437807861127,-1.0828599329360435,-0.4174003142497122,-0.13834015367731967,-0.12048465013054055,0.3213826718216297
-2.272060941139046,1.1363434356697484,-1.1683950447548013,-0.4260009541849474,-0.2218965764717009,-0.03351678810982395,0.20765912730291783
-2.4345563605899327,0.5632441949257501,-0.9802177987535343,-0.4070795463274301,-0.038072446324062315,-0.2248460845553999,0.4578509252440838
-1.9175254805189286,2.3867417791111993,-1.5789635814848384,-0.46728402587407575,-0.6229674058847311,0.3839289495896141,-0.33821388638689875
-2.0872222432197347,1.589597185016355,-1.2849651841360643,-0.015016995338827221,0.1293278268133799,0.09796174982957417,-0.29489231215018374
-2.1756723958535793,1.0491139268331255,-1.1973110343308835,0.5864349971975128,-0.08636533377427308,-0.1044367394068686,0.27516369045159594
-2.168165748440475,1.147506496449564,-1.22205593075024,0.6462507240957883,-0.049294811560796126,-0.2123457387691572,0.38672858822205713
-1.9127105293813096,2.469476516885213,-1.5923387530268935,-0.4250068834930589,-0.6237025873712229,0.3110972866363797,-0.26635738493678784
-2.061562822315219,0.4693661545617557,-1.4878225461715007,-0.5450411386520972,0.4549016854005846,0.294030669917853,0.5331093357467959
-2.38446160415387,0.6427866310197119,-0.95969292714233,-0.4994769895719024,-1.4560463534929458e-05,-0.49825392300613736,0.5623821253773457
-1.9060850335930661,0.5905363696320415,-1.5851666252025889,0.46051430078217476,0.5235877898625075,0.29268500823738197,0.5096350632805045
-2.264306261008609,0.7365143409727628,-1.094668900148374,0.5967557651197949,0.01390237357898455,-0.20879817383172772,0.41163194387405017
-1.4891582225398192,1.0057366973558355,-1.781637412747144,1.3353969571769324,0.3351350131261992,0.4537258918631242,0.5004236969000451
-2.353123838684823,0.6517984274352666,-0.9770387815885365,0.015945308428019056,0.4301309488731524,-0.2151225534450043,0.1145124481171787
-2.308806906107308,0.8080982203654481,-1.0283598486797911,0.01078492446687801,0.3799970951965238,-0.16294183623257452,0.04627832140595162
-2.4936456040266193,0.3548444710188414,-0.9117897092985281,-0.40019903437924204,0.02877269191144277,-0.29442037417197287,0.5488297608590531
-1.9913870348147866,2.1262421242275638,-1.4934284696660807,-0.45868338593884067,-0.5394109830903497,0.2969610875688975,-0.22449034186818684
-1.7144286522228178,1.6206140474871007,-1.445102888966693,1.4561572696311291,-0.3249519641872102,0.10878486143130406,0.19771819735990942
-2.537962536604134,0.19854467808865994,-0.8604686422072735,-0.395038650418101,0.07890654558807148,-0.34660109138440265,0.6170638875702804
-2.1709252165585875,0.8488105400837287,-1.1153721344956673,0.07769930382223994,0.9200025869498799,-1.0102677082592844,-0.4069239077851122
-2.411478503205304,-0.06408059575185443,-0.8216945738888533,0.06731731442569472,1.1741910364801567,-1.202850688178884,-0.11749356493146451
-2.4197840497307617,0.615344125902477,-0.9973248211172858,-0.4087996743144772,-0.054783730882938475,-0.2074525121512567,0.43510621634034147
-2.3657984316730882,0.5370265884725071,-0.94723456646762,0.033501590579195606,0.27051372651953565,-0.6873523934013359,0.6443554593855504
-2.412213082121509,0.4433987035283582,-0.9086106921335303,0.022825820376207118,0.4969760871086575,-0.28469684306157705,0.20549128373214817
-2.5344932440310783,0.09829873766631325,-0.846163469939609,0.14579226990748012,0.3860184618266901,-0.5446447068404603,0.746070914274542
-2.4936456040266193,0.3548444710188414,-0.9117897092985281,-0.40019903437924204,0.02877269191144277,-0.29442037417197287,0.5488297608590531
-2.0870385306985497,1.3617135126934885,-1.2999531685133927,0.5761142292752307,-0.18663304112753054,-7.530498200858382e-05,0.13869543702914172
-1.8540986736722287,1.446017914118476,-1.2840581814082457,-0.019115683977740605,1.1280631199761793,-1.305850662723036,-0.9834765264361182
-2.4042848656598506,0.4841772400432111,-0.9180953777820899,0.07650933508704655,0.5141742646254628,-0.4010542697671502,0.2927671977102948
-2.523979883788461,0.1628218181236546,-0.8592473553078475,0.14712234149457099,0.37431398060800614,-0.5262176786844917,0.7236913626688251
-1.802327938461642,0.8005351623465253,-1.2555446365395067,1.5109695316028988,0.4525306925375465,-0.9137304181108625,0.011201602118751042
-2.4345563605899327,0.5632441949257501,-0.9802177987535343,-0.4070795463274301,-0.038072446324062315,-0.2248460845553999,0.4578509252440838
-2.4723972877648794,0.27282897241412485,-0.9029305483434971,0.0804261026481074,0.270398320159024,-0.34873438970562987,0.5211476292833943
-2.272060941139046,1.1363434356697484,-1.1683950447548013,-0.4260009541849474,-0.2218965764717009,-0.03351678810982395,0.20765912730291783
-2.294034595248137,0.8601981513421751,-1.0454668710435426,0.009064796479830994,0.36328581063764753,-0.14554826382843156,0.023533612502209256
-2.730002577773364,-0.47875442460879314,-0.6380773514785034,-0.3726769865864898,0.29615324485346284,-0.5727175326382647,0.9127451033189312
-2.3381678153044665,0.4760146860891272,-1.0091337883296163,0.60535640505503,0.0974587963733658,-0.2957660358524439,0.5253554883927619
-2.4205737077742597,0.5275213349607445,-0.9789965118541083,0.13508144558524188,0.25733498869587235,-0.4044626718554889,0.5644784003426285
-2.412029369600324,0.21551503120549143,-0.9235986765108586,0.613957044990265,0.181015219167747,-0.38273389787316026,0.6390790329114737
-2.1530672677118363,0.09901728138413257,-1.0062193700151894,0.6094746081443089,0.15465433919307114,-0.6469120966753488,0.9898047942074398
-0.864244736985932,-1.1504519097387205,-1.877103504698561,1.1205568477746006,-1.3919742508927766,-0.9661587829891216,0.3104546382325385
-0.6512528356132987,-1.7320531077242125,-2.5591822264112123,-0.4537617710097624,0.08582041689694042,-0.059297681741231845,0.43579021127200746
-1.71991742049524,-0.11407487642959613,0.01989194273541317,0.5183747186205717,0.3187298912954898,-0.1933997870589126,0.5733564094462318
-1.7348260622758018,0.6411844260519854,-0.3832130730804428,-0.4745612369641001,-0.08110899054157372,-0.013831947600169814,0.27118348067788756
-1.3796127347503981,-0.23896196517249324,0.005377076891567079,1.413110496914351,-0.10078002724859808,-0.2070935230654256,0.5525724226833281
-1.4428982910870558,-0.5266539292873513,0.09377036913336267,1.3820869716732416,-0.04712699242483642,-0.19095363413530642,0.5690662586920675
-1.712101993548587,-0.4208549472438732,0.11917093304040227,0.49000303540801393,-0.02578706127729058,-0.1780587937196163,0.3508305360351034
-1.8009195712248016,-0.5055708607813696,0.23680105160023968,-0.0908074212837619,0.3904415140168773,-0.1843831733328929,0.05371104027823198
-1.5832201091510554,-0.9485027885385162,-0.18844760116396675,-0.6431932284286432,0.4987686733386908,0.23780218800924757,0.586031472426561
-1.5515834303695888,0.47531603136089123,-0.0708865188648331,-0.6389121510375766,-0.3572184019384588,-0.1370366672153045,0.06943124836729431
-1.8304641929431447,-0.6097707227348239,0.2710150963277429,-0.08736716530966787,0.42386408313462987,-0.21917031814117927,0.0992004580857167
-1.8377298563892115,-0.5634780840951128,0.2633772222721378,-0.025831310424345222,0.4776458899069832,-0.34447288990761127,0.23351006475992028
-1.1915690592033426,0.23414999448227053,-0.5445160536377515,-0.25629106140118124,0.6160350927995042,0.6127907396066519,-0.23494589167893354
-1.6524618837168807,-0.4920508502943106,0.15264694620740116,-0.06351720710474457,0.9005436177996139,-0.9286012944087675,-0.49672089742280423
-1.7198566736790246,-0.021025852546887602,0.045444788433974814,-0.5327536838967282,-0.2615860113279762,-0.0027774079977129773,0.14685771946397128
-1.3725225563088264,1.0053271375437176,-0.2593025969485554,-0.14069113290812535,-0.094185738190534,0.3200304263872611,-0.6058855179302963
-0.9698006837945841,0.7877652868103111,-0.816109373471353,0.3090382434071714,0.04940495647544996,0.7756572708572174,-0.14252877605574343
-1.9224727128074548,-0.6711326460131188,0.26497789873970734,-0.47076785488877254,-0.014435924091965091,-0.33200160020241043,0.5397686437225943
-1.2508582499178258,0.15064517341010197,-0.1286209215954075,1.3597253078416303,-0.26437369169022773,0.03516280711855568,0.2733850429434169
-1.7198566736790246,-0.021025852546887602,0.045444788433974814,-0.5327536838967282,-0.2615860113279762,-0.0027774079977129773,0.14685771946397128
-1.416839488886341,0.8490273446135362,-0.20798152985730045,-0.1355307489469843,-0.04405188451390518,0.26784970917483175,-0.5376513912190694
-1.3239852252974782,-0.6173337807537467,0.04383030846802738,1.412817441826353,0.4963976804756526,-0.9699589000194674,0.06412373879851613
-1.416839488886341,0.8490273446135362,-0.20798152985730045,-0.1355307489469843,-0.04405188451390518,0.26784970917483175,-0.5376513912190694
-1.6459951193831666,0.23947380233674814,-0.04009032338478291,-0.5413543238319634,-0.34514243412235746,0.08419045402300318,0.03313417494525939
-1.1509378934212529,1.7868261021946246,-0.5159079324048284,-0.16649305271383058,-0.34485500657367774,0.5809340124494105,-0.9470561514864319
-1.7789459171157107,-0.22942557645379602,0.11387287788898104,-0.5258731719485401,-0.19474087309247118,-0.07235169761428573,0.2378365550789406
-1.8084905388340538,-0.33362543840725034,0.14808692261648426,-0.5224329159744461,-0.16131830397471864,-0.10713884242257254,0.28332597288642536
-1.7937182279748822,-0.2815255074305232,0.13097990025273254,-0.5241530439614932,-0.1780295885335949,-0.08974527001842914,0.2605812639826831
-1.6973296826894155,-0.368755016267146,0.10206391067665055,0.4882829074209669,-0.04249834583616685,-0.16066522131547334,0.32808582713136114
-1.921854074569807,-0.6676901484470548,0.27156792998444157,-0.46639474969705325,-0.028363208990200395,-0.31911908460895266,0.5371401455664754
-1.8084905388340538,-0.33362543840725034,0.14808692261648426,-0.5224329159744461,-0.16131830397471864,-0.10713884242257254,0.28332597288642536
-1.653196462633086,0.01542844898590201,0.06573082796272423,-0.10800870115423206,0.22332866842811472,-0.010447449291460575,-0.17373604875919152
-1.073590519607767,0.7758443451308276,-0.3339051899604262,1.3390837719970663,-0.46490910639674277,0.24388567596827482,0.00044853609850864506
-1.7945078860183807,-0.3693482983722558,0.14930820951591017,0.019728075938225842,0.13408913104521603,-0.2867554297226613,0.3899534479849701
-1.9356635127080493,-0.8792821740340144,0.373896062592707,-0.5941888233743542,0.07727499659232384,-0.5892695497230287,0.6607936798645955
-1.8486111585115972,-0.4106329911294828,0.17944278692094962,-0.4793684948240075,-0.09799234688634634,-0.24503373818169427,0.42604509920388234
-1.3475310360547832,0.1965411076715573,-0.16065691243831348,-0.5932742870200776,-0.42090198628717035,-0.05497536461352093,0.2437693080798876
-0.4044333686873265,-1.04626424905213,-1.3087934077270975,-0.3950040079033867,-0.10249170825043652,-0.1352625596024064,-0.12553100154625818
-1.7760937362538922,-0.4110179509315135,0.24947372579013605,-0.657020195828931,-0.016537109203444478,-0.5865398982815266,0.5873856380878341
-1.1585088610305054,1.958771524568743,-0.604622061388584,-0.598118547404515,-0.8966148245652735,0.6581783433597304,-0.7174412188782383
-0.9369539550797978,-0.15163259086080072,-0.5677975795583677,1.2286442274651515,0.295445578269924,0.48446527197523537,0.43962228906109824
0.5371557053001128,-1.416567552270655,-2.2439872067701474,0.7823123564497376,-0.3989286779843658,0.23042814570018422,0.3425381413829934
0.8145962074251338,-1.4038470302383528,-2.2944012711335833,0.7730532838496831,0.5496727615018048,-1.1212035496399961,-0.4142801996141682
-0.13865507048948755,-2.3176376119018247,-1.8304231836482432,-1.0860848434699628,-0.16218301379784672,-0.05102208307408995,0.5344367425559408
-0.07425408852538906,1.1475648732954564,-1.6084723640338023,0.0202958440415274,0.5874201765275853,1.2676266138525776,0.4256429648860417
-0.6987544638936569,1.4868611554974986,0.14766840910725287,-0.5735344228402914,-0.36033523760228936,0.5998596315443567,-0.42184089497686006
-0.6442757591181483,0.11266920406406378,0.04238433701060329,-0.1913079344355279,0.7586240672240926,0.664370205188658,0.14886368873626732
-0.7026537001471329,0.21921806252208653,0.5360153990952483,0.7828574398695138,0.4875990558604095,0.17924258453962505,-0.0010706357569844616
-1.19103889634697,-0.28200161433949467,0.7811879053904756,-0.5643830933747265,0.3092322803484029,-0.4028245644063728,0.598729534201099
-0.7465869729256656,-0.28986030556570164,0.22488143922183657,-0.2299868088499108,1.169025964321365,0.5370784553871348,0.08339914112618685
-1.2642987760582913,-0.4699044462340096,0.8168828816221021,-0.5443416435280881,0.3072749499693128,-0.08540142284807084,0.546631490768781
-0.4775796035072053,1.4218639335902425,0.17164008325286395,0.3661801575675136,0.2462767151328773,-0.1027791970519778,-0.45654928772087555
-1.205209532621605,-0.26150472232710065,0.7484547921670961,-0.5512221554762762,0.24042981173380784,-0.01582713323149787,0.45565265515381165
-0.6323228133131529,0.7932144192397443,0.3559002805286293,-0.594883787817271,0.8548055600424534,-1.0195873804888134,-0.7560598639181971
-0.5882880529908936,0.3062707105624204,0.05585181591286059,-0.28508030090301134,1.0177832085080305,0.7041024487977263,-0.06261920941154742
-1.2199818434807768,-0.3136046533038279,0.7655618145308476,-0.549502027489229,0.2571410962926841,-0.03322070563564106,0.4783973640575539
-0.828086334195663,0.7342134812768009,0.42005822337829635,-0.6225970383650095,-0.521869254810879,0.43435317021137987,-0.33549094085087583
-0.8933710338073237,-0.4282926638555511,0.44715810758931474,-0.7052539005093112,-0.5569326246955846,-0.11557195678882515,0.04597054378304416
-0.961037131928207,0.2653141024862565,0.5740214246520603,-0.6071158864815862,-0.37146769378099265,0.27781101857408963,-0.13078856071719452
-1.0714609386711422,-0.551314440024546,0.7846037481684998,0.42940185671953224,-0.0019784672592971786,-0.036618946380959416,0.25514192708387656
-1.1602785163473566,-0.6360303535620424,0.9022338667283374,-0.1514085999722436,0.4142501080348707,-0.042943325994236003,-0.04197756867299479
-0.27045404527943484,1.218484093094153,0.1433503791664048,1.2595611854510673,-0.6249246425263881,0.5766548197525072,-0.34543187079388427
-1.0385844530194899,1.4011907623847935,0.7394857247949957,-0.5035568538978592,-1.1986675166831646,0.10680571218370227,-0.6609411492947538
-1.1235325513790941,-0.3077851382577418,0.7621986706533272,-0.5881944786240689,-0.187643563633354,0.08648172212851457,0.11940323722397134
-0.6065016713080896,1.5157124459277078,0.16345288792202317,-0.6483989581707146,-0.7725385231940226,0.6952567562735279,-0.6766615744070111
-0.8648322991639252,0.4059682659725004,0.5600934194533065,-0.1858111597131839,0.08002441685734579,0.3049281220886293,-0.49687174674784196
-1.1087602405199226,-0.25568520728101485,0.7450916482895757,-0.589914606611116,-0.20435484819223015,0.10387529453265731,0.09665852832022898
-0.7727126144912677,-0.5529135601145694,0.7249891395339576,1.3180455370106656,-0.056740967524595565,-0.01472664198836271,0.42788823193335596
-1.0348986862240648,0.004814447602621064,0.6595565364708178,-0.5985152465463512,-0.2879112709866114,0.19084315655337392,-0.01706501619848272
-1.0273277186148124,-0.1671309747714983,0.7482706654545734,-0.16688975185566673,0.2638485470049845,0.11359882564305313,-0.2466799488066761
-0.4735806305124115,-0.9072912553621997,0.30291950393474876,1.1886845846212337,0.5197895869944326,0.4171822504641738,0.6168701869547797
-0.8871755776323491,0.5258137573698922,0.48848631283330235,-0.6157165264168214,-0.4550241165753739,0.36477888059480623,-0.24451210523590639
-1.1678494839566087,-0.46408493118792316,0.8135197377445822,-0.583034094662928,-0.13750970995672507,0.03430100491608479,0.18763736393519853
-1.0348986862240648,0.004814447602621064,0.6595565364708178,-0.5985152465463512,-0.2879112709866114,0.19084315655337392,-0.01706501619848272
-1.0714609386711422,-0.551314440024546,0.7846037481684998,0.42940185671953224,-0.0019784672592971786,-0.036618946380959416,0.25514192708387656
-1.1011892729106703,-0.42763062965513376,0.8338057772733314,-0.15828911192043166,0.34740496979936586,0.02663096362233719,-0.13295640428796424
-1.1678494839566087,-0.46408493118792316,0.8135197377445822,-0.583034094662928,-0.13750970995672507,0.03430100491608479,0.18763736393519853
-0.8055593432060542,0.38648431755654233,0.47667734562097186,0.39843955295268585,-0.30278158931906973,0.2764653568936186,-0.15426283318348583
-0.8628635393680513,-0.4835848965123295,0.49816517310632547,-0.8382083581477533,-0.501428272789689,-0.3335417046904714,0.10138995136993728
-1.1925791545373328,-0.4855500553673642,0.83435861093003,-0.5373166963078169,-0.10482232232546451,-0.07331780284543643,0.30498328319279416
-1.0976736964561762,1.192791038477885,0.8079138142500017,-0.4966763419496712,-1.1318223784476595,0.037231422567129524,-0.5699623136797843
-0.5841583928396659,1.395866954530316,0.23505999454202708,-0.2184935914670773,-0.2374899897613032,0.635405997767351,-0.9290212159189469
-1.5037274329037276,-0.43795245124459403,1.3756245694188007,-0.016887263621670534,-0.11214659280752853,-0.5270329356592023,-0.16272539698319155
-1.071644651192327,-0.32343076770167944,0.7995917325458279,-0.1617293678945257,0.3139824006816132,0.061418108430623564,-0.17844582209544896
-1.0568723403331555,-0.2713308367249524,0.7824847101820764,-0.1634494958815727,0.29727111612273704,0.07881168083476697,-0.20119053099919143
-1.1087602405199226,-0.25568520728101485,0.7450916482895757,-0.589914606611116,-0.20435484819223015,0.10387529453265731,0.09665852832022898
-0.7504336562189917,-0.40242105952140395,0.683137220750849,1.3761411359218942,-0.03638172986999466,-0.10524206894650834,0.5167084208000747
-0.6520584107557901,0.8307262704875942,0.37745306068591544,0.29400121379888455,-0.38170269537067614,0.12481252527188413,-0.20894459537642057
-1.2860279708299813,-0.8808843790017404,0.9503759166545942,-0.5692730707665516,-0.003819433485715118,-0.10484757431706115,0.3695950351651374
-1.2712556599708098,-0.8287844480250135,0.9332688942908427,-0.5709931987535988,-0.02053071804459139,-0.08745400191291819,0.34685032626139495
-1.2378258374386395,0.4998463063364946,1.0676981668712728,-0.04784956738851681,-0.41294971486730103,-0.21394863238462358,-0.572130157250554
-1.041916316952799,-0.4471145780710917,0.7503897034409968,0.4259616007454382,-0.035401036377049666,-0.0018318015726730419,0.20965250927639184
-0.9758094427873785,0.21321417150952937,0.5911284470158118,-0.6053957584945393,-0.3547564092221165,0.26041744616994666,-0.10804385181345227
-0.8351039649243972,0.282284455603088,0.5108913903484751,0.4018798089267799,-0.2693590202013172,0.2416782120853327,-0.1087734153760011
-0.8075361994779429,0.7095560554173084,0.4747971397170039,-0.7115542256353875,-0.4503887998325993,0.12615818695235514,-0.18547032291012905
-1.0864169620514987,-0.3755306986784068,0.8166987549095799,-0.16000923990747867,0.3306936852404895,0.0440245360264806,-0.1557011131917067
-1.1530771730974372,-0.4119850002111962,0.7964127153808302,-0.5847542226499749,-0.15422099451560145,0.05169457732022775,0.16489265503145606
-0.7427843329739428,-0.801492273318722,0.3283200678417879,0.29660064835600614,0.5411295181419784,0.43007709087986346,0.39863446429781557
-0.6323605262310075,0.015136269192080887,0.11773774432534856,-0.7399170948451124,0.17164029162028283,0.7445070558349132,0.012703976496744485
-0.9680547626569413,-0.1866149231874562,0.6648545916222393,0.41736096081020313,-0.11895745917143097,0.08513606044804312,0.09592896475768004
-1.0566886278119705,-0.49921450904781905,0.7674967258047483,0.4276817287324852,-0.018689751818173395,-0.019225373976816007,0.2323972181801341
-0.776198434008896,0.7185678518328633,0.45745128527079704,-0.196131927635466,-0.020243290495911836,0.409289556513488,-0.6333400001702961
-1.3008002816891528,-0.9329843099784678,0.9674829390183457,-0.5675529427795047,0.012891851073161098,-0.12224114672120434,0.39233974406887967
-1.064443307942408,-0.09938541435083337,0.6937705811983212,-0.595074990572257,-0.2544887018688591,0.1560560117450871,0.028424401609002004
-0.9392156318453377,1.5672517691830987,0.658786636935756,-0.034582556379883,-1.045605114570157,0.13842610291893598,-0.8027119826871499
-1.226938727393295,-0.6724846550948322,0.8819478271995882,-0.5761535827147397,-0.07066457172122015,-0.035273284700488405,0.278616199550168
-1.0496709970832363,-0.04728548337410621,0.6766635588345693,-0.5967951185593041,-0.27119998642773524,0.17344958414923095,0.005679692705259531
-0.7203425947714484,-0.050210590785741416,0.6636425563636346,-0.17958908042981508,1.179027417373403,-1.2032457248888406,-1.0489877076113223
-1.0637087290262026,-0.6068647136310459,0.780686699442998,-0.5505834965227694,0.4227262475026402,-0.7620978333722195,-0.2945604470546107
-1.093987929660751,-0.2035852763042877,0.7279846259258242,-0.591634734598163,-0.22106613275110654,0.12126886693680117,0.07391381941648673
-1.1010055603894853,-0.6555143019780008,0.8188177928960032,0.43284211269362627,0.031444101858455364,-0.07140609118924579,0.3006313448913613
-1.1778068436781612,-0.43345012439063724,0.8172515885662786,-0.539036824294864,-0.12153360688434067,-0.05592423044129302,0.2822385742890519
-1.2564833491116383,-0.7766845170482866,0.9161618719270912,-0.5727133267406457,-0.037242002603467605,-0.07006042950877478,0.3241056173576527
-1.1826217948157804,-0.5161848621646505,0.8306267601083333,-0.5813139666758809,-0.12079842539784891,0.016907432511941378,0.21038207283894078
-0.8244005674002377,-0.6621628335053718,0.34012903505411884,-0.717555431013501,0.38888699088567424,0.5183906145810511,0.3083851922453953
-0.7876686378716243,-0.3771298187684302,0.7570841462750373,0.7286344403836551,0.2759311849751911,0.06591684041907686,0.017045191657772685
-0.565900262462866,0.17648547355961042,0.4854908264414357,1.2939637451920076,-0.29069895134886314,0.22878337166964258,0.1094623072809629
-1.1235325513790941,-0.3077851382577418,0.7621986706533272,-0.5881944786240689,-0.187643563633354,0.08648172212851457,0.11940323722397134
-0.7023368797130382,0.9790675067164989,0.37191617345203953,-0.20473256757070107,-0.10379971329029303,0.4962574185342046,-0.747063544689008
-1.2712556599708098,-0.8287844480250135,0.9332688942908427,-0.5709931987535988,-0.02053071804459139,-0.08745400191291819,0.34685032626139495
-0.5281188410810331,0.39920483958884456,0.426263281257536,0.3891804803526315,0.645819850167101,-1.0751663384465615,-0.9110811741806474
-1.0201263753648933,0.056914378579348,0.6424495141070663,-0.6002353745333981,-0.3046225555454878,0.20823672895751688,-0.03980972510222519
-1.2045954489248711,-0.7923301464922237,0.9535549338195919,-0.14624821601110255,0.46438396171149954,-0.09512404320666534,0.02625655803823218
-0.7870028058173868,-0.08666489231853103,0.6433565168348852,-0.6043340631723115,0.6941127376173118,-1.1955756835950933,-0.7283939393881592
-0.7398040570852569,-0.5482017576837939,0.2765369695586304,-0.24686100550847762,0.558660677557558,0.5326174329121414,0.1893590677567415
-0.3734765614946538,0.5010060010994566,-0.0993554912520006,0.2535974486798307,0.12334740417007195,0.8649164009834447,-0.16998325829574323
-0.9532824517977698,-0.13451499221072905,0.6477475692584873,0.4156408328231561,-0.13566874373030724,0.1025296328521863,0.07318425585393756
-0.7907870323468824,0.4385842485332694,0.45957032325722036,0.39671942496563883,-0.3194928738779459,0.2938589292977625,-0.1770075420872283
-0.6873808563326815,0.8032837653703595,0.33982116671095963,0.3846785290563097,-0.4364718657900797,0.415613936126765,-0.33622050441342466
-1.0201263753648933,0.056914378579348,0.6424495141070663,-0.6002353745333981,-0.3046225555454878,0.20823672895751688,-0.03980972510222519
0.16948187629647293,1.8043038558704538,-0.09524093119829846,1.2313807049934957,0.1398526668121437,-0.5836475791420974,-1.3524420097322114
-0.16649067313503085,1.671012665985475,-0.42206463459950905,-0.7395575477327303,-0.3292113521880756,1.167350373657781,-0.6051060855411221
-0.4920387081670081,0.43698512844324594,0.39995571462267776,1.2853631052567727,-0.3742553741432444,0.3157512336903583,-0.004261237237748794
-0.8354876247233792,0.6350630307606944,0.8733464173131411,1.4198844416073457,-0.9006520749856437,-0.16833837597460777,-0.12500906554794555
-0.5250691494029796,1.6042666784372246,0.16663190508702086,-0.22537410341526526,-0.30433512799680806,0.7049802873839237,-1.0200000515339163
-0.7542247798998052,0.9947131361604366,0.3345231115595384,-0.6311976783002444,-0.6054256776052602,0.5213210322320956,-0.4492144853695875
-1.1383048622382657,-0.35988506923446884,0.7793056930170787,-0.586474350637022,-0.17093227907447772,0.06908814972437116,0.1421479461277138
-0.9532824517977698,-0.13451499221072905,0.6477475692584873,0.4156408328231561,-0.13566874373030724,0.1025296328521863,0.07318425585393756
-0.8428586450548345,0.6821135503000737,0.43716524574204785,-0.6208769103779623,-0.5051579702520028,0.416959597807236,-0.31274623194713336
-0.8351039649243972,0.282284455603088,0.5108913903484751,0.4018798089267799,-0.2693590202013172,0.2416782120853327,-0.1087734153760011
-0.6397618167587238,-0.0840141813240255,0.5710259382601932,1.3025643851272426,-0.2071425285544819,0.14181550964892597,0.2231858517996747
-0.8170295470687825,-0.7092133530447511,0.7763102066252121,1.3232059209718068,-0.00660711384796675,-0.0669073592007925,0.49612235864458293
-0.5068110190261798,0.3848851974665189,0.4170627369864295,1.2870832332438198,-0.357544089584368,0.2983576612862153,0.018483471665993456
-0.991152973518185,-0.8934723313640578,0.7084246544299653,-0.22365311607011135,0.2718711308035472,-0.1423661896438091,-0.17034208671008172
-1.197394105674952,-0.5682847931413779,0.8477337824720852,-0.579593838688834,-0.10408714083897275,-0.000486139892202031,0.23312678174268325
-0.44254479972925775,1.3980655705555005,0.15852822586438053,-0.13579973459017342,0.30652157609711506,-0.24256312241824007,-1.3694325307380941
-1.2564833491116383,-0.7766845170482866,0.9161618719270912,-0.5727133267406457,-0.037242002603467605,-0.07006042950877478,0.3241056173576527
-1.0800052768450779,-0.23930813626929293,0.7292059128252504,-0.04947374268549093,0.07434130226882818,-0.05834772036328828,0.18054129451503137
-0.5334297750557303,1.6883893098696108,0.09624608536644286,-0.11311847820623061,-0.5439762264095933,0.5852144585900119,-0.6610129349234358
-0.5168279230736698,1.1951799487734505,0.2288031269123414,-0.12106688246750225,0.40995034358816806,-0.3210825570956719,-1.2314200024270678
-0.12154558785274783,-1.2172958682397803,-0.1068988715031256,1.2123311458390573,-0.8833323465573618,-0.4322848261153214,0.07647619099023722
-0.06644912099992117,-1.5938082776586155,-0.2941131616302435,0.049159270125573196,-1.3038610460361473,-0.5775547528030984,-0.022594022530767532
0.24467053429018537,-1.5185296017634224,-0.21846211741554478,1.2517056794630823,-0.33152391006937554,-1.5363876269581525,-0.039576446175569935
-0.2943632155143101,-0.85444757394244,-0.18805749050409704,-0.6700589115907543,-0.5375554080011363,-1.040507438266032,-0.8279301592276681
-0.20270202572890827,-1.0191099168245936,-0.422675798996968,-0.8584058180230778,-1.4329226759184879,-0.4081177607501194,-0.44553212532141295
0.1407468908274625,-1.2171878191420422,-0.8960665016874313,-0.9929271543736509,-0.9065259750760887,0.07597184891484687,-0.32478429701121614
0.5975569827097051,-0.9847502892602318,-1.0745490800034707,0.04091985809271037,-0.7542696586700682,0.034833810528956066,-0.21167759510389705
0.284470234835396,-2.2330488492482177,-0.7547297001332675,-0.003168990399505467,-0.5626624470425773,-0.42980465188915673,0.3400154506357103
0.3513088572510801,-1.5852102469290579,-0.4192199917333936,1.22366162796117,-1.087191517090098,-0.8661693090485487,0.291332152898237
0.4240550034976922,-0.9594418696263538,-0.6370710414125442,-0.025122356894152043,-1.5968672974663516,-0.49060413018576066,-0.10764010514478989
0.10351673772991221,-1.46187170618677,-0.4695162434440711,0.11243093809355043,-1.2728832780326154,-0.7225649651085473,-0.03092417561565225
0.43921097415584587,-1.260120513807233,-1.0166330907409615,-1.0448471175617648,-0.9822855272409013,-0.06319396972167746,-0.11414916387658791
0.6460233261842476,-0.5307214801330533,-1.2561314038334834,-1.068928909380423,-1.2162435110651688,0.18031604393632783,-0.43257508852898086
0.8167599719644443,-0.3667089690528291,-1.3821374280094298,-0.9835430962901772,-0.6857821696278316,-0.6544175040976921,-0.8941868373632983
1.4567081787306568,0.1699827567121237,-1.433080206896678,0.8730523341684346,-1.086118841946503,-0.1763987329658585,0.3130201362858581
-0.80533519348942,-0.666026257808711,0.3548081763166615,-0.6401916102163498,-0.5925836108702991,-0.13099415613703624,-0.04493042879571685
-0.44229901493625823,-0.7292694913754192,-0.14906472027960793,-0.7341559321729529,-0.0836333760732677,0.2976573629788386,0.12492919206084868
-0.34016912576201563,-0.8186110099412052,-0.09248035940000443,-0.749726378460672,0.4260942324478878,-0.37962069250280805,0.003740602892558398
0.5014951541026247,-0.12460583201570152,-0.821859818501073,-0.4795246606852845,0.39317693749614246,-0.30690351544906824,-1.145087160483282
-0.6723843957568758,-0.19712687901816672,0.20084497504289756,-0.6556727620997729,-0.7429851719001854,0.025547995500252663,-0.2496328089293981
-0.36549773164758226,-0.9513336689627823,-0.14749851594988372,0.23772300481553732,0.06934433266952822,0.28217550223088583,0.14332196266315794
-0.543433362608114,-1.2650878401010692,0.3592887989608129,0.3358055298614194,-0.38241035930779765,-0.4976220777078939,0.4379116476212707
-0.5950612243822271,-0.28049296355145037,0.15724984420427246,0.279399368485536,0.3740166725532158,0.6040128149212962,0.17118737526039207
-0.06732694678706319,0.5985573315255396,-0.6122582938213881,-0.9002403510013905,0.4473677240795384,1.4895002515620286,-0.20771882874919406
-0.22532588377516727,-1.4667624365214007,-0.38222498564112845,-0.9703620935549397,1.1905221924060814,-0.010108492027108396,-0.08463044080654375
-0.8930640240188895,1.5529957842523654,0.6458734965856041,0.5459958559044765,-1.1140053091488573,0.015234815145853897,-0.5898142114071917
-0.046518903637987385,-1.5192053658972007,-0.18621759974213847,-0.936995285882785,0.9475887175460865,0.5328192905273932,1.1005950847660144
0.26261114449626,-2.1967646861103978,-1.1128518689216214,-1.1016465709185186,-0.1294600058505454,0.29915787251766446,0.13713416485511615
0.7095329153325647,-2.2261773702885304,-1.3175725633679902,-1.1262763199276153,0.30488254576737817,-0.5842260671947344,-0.2026626397112919
1.6210507693938263,-0.9572817167943957,-1.7622877595744837,0.8669600525509653,0.5640015298309616,-0.8115251016185541,-0.7734859199072314
1.623510505612014,-1.037964639111247,-1.7452997633042935,0.6062936380203531,0.4778489649093154,-1.1140229615189305,-0.5873952796620717
0.601059036983945,-2.1532429317195376,-1.13949028395032,-0.6451697591698391,0.47244745496739515,0.2169083097102109,-0.0013892111869516222
0.7487821455756611,-1.6322436219522667,-1.3105605075878357,-0.6623710390403093,0.30533460937863277,0.39084403375164367,-0.2288363002243753
0.7531152689938736,-1.5623982780781362,-1.4558097487039219,-1.1759281979382439,-0.4224662572807497,0.38610849513500245,0.05208808224109357
1.5799672410155505,-0.1364033431990639,-1.9855860530310725,0.8486970773582674,-0.6519804625972291,0.8184037521879186,-0.380582921369948
1.722066867617885,0.11863012318926791,-1.9571422215222711,-0.5044580794968132,-0.9202184348948915,0.5528460952728018,0.24682338306241586
1.751611489336228,0.22282998514272212,-1.9913562662497744,-0.5078983354709072,-0.9536410040126443,0.5876332400810886,0.20133396525493136
0.19233686261602734,-0.517654266687386,-0.49671326336187016,0.260868086795387,0.42377841458879517,-0.587362430014799,-0.24412290645898516
-0.2635794304091381,-0.4136059899770561,-0.21272862211068477,-0.4389496441621859,2.1497920906426264,0.4068427601569544,0.07918930463994761
-0.11792693117710673,-0.5171507863585674,-0.3831879415152775,0.17388837430102724,1.427226761737228,0.3264907311062446,-0.23575202522670502
2.71711969765344,3.363229718943635,-1.37517270274606,-0.5011391187990548,1.7211907711915222,-1.2160732720075424,1.7565042399364805
0.18453691673505856,0.9767768588496882,-0.8161615557604871,-0.8849910327317023,0.840490835950141,0.8670371373151564,-0.917363728776427
-0.808510531085274,1.2753813330585024,0.6435226521898267,0.537889439650665,-0.5363228856441238,-0.7257259325933596,-1.1211238149433695
-0.4127764558174323,1.125582314744685,1.396472716588283,0.4886904979180058,-0.5778317354828288,0.040229608057016586,-0.3073863593599777
-0.29036243864804856,-0.11448198439823665,1.2713284656034771,0.4131352530459029,-0.09150091205771299,0.15345405323269823,0.06631583576942973
1.2091032836774613,-1.3696840879904435,-0.3594723674841803,0.07697675440540025,-0.6820239551844304,0.019022375365431277,-0.20114794088729193
-0.061828932748502874,-0.13912510258145327,1.1864602298460176,1.3133874857950902,0.19544678193749254,0.22264537706669874,0.3368285044711139
-0.27158101376972277,-0.3859603037846342,1.3388572267900574,0.35698970069002295,0.1928706342245829,0.0815850861773626,0.5231381140024859
1.263206562858925,0.4823852673183845,-0.2834340241291462,0.39807466092794264,1.4909764055310504,0.859613240895734,-0.6524139688467568
0.08571046332202759,0.6097578795086848,1.0303779905858308,0.705054981310562,0.34429480428964043,0.49461815591971403,-0.324206333745635
-0.2466971845333692,-0.44046686614316477,1.039145464629188,-0.2467819582151542,0.08265639036475164,-0.10573991023142848,0.18292464080103912
0.2181505283338816,-0.29468728109882036,0.8156332236801793,0.5584433525830639,1.137230863290612,0.7108924488916908,0.21914086662038612
-0.17669727172488603,-0.4345002053947087,1.3177191350289643,1.3507921523941584,0.3987889549562843,-0.04871750456372026,0.7345245208749456
-0.32084048366595974,0.39458416098048155,1.5763564210462624,1.4014159700277977,-0.3986362519238597,-0.18138810120839244,0.1837858701418947
0.2912543952926061,-0.044525409952351214,0.7940375724712361,-0.43701722751373756,2.1285188352259796,-0.883858672079394,-0.6741267058042197
-0.08073699630757392,-0.07514423429134831,1.2482677206006216,0.22780712706925388,-0.33557646179279266,0.3715688806887707,0.03724797079602743
-0.5060064977468552,-0.3719491239455486,1.9769541470671639,-0.18258521412877288,0.8648987574394106,-1.9758454773031762,-0.9561905646058025
-0.35714204201902433,-0.1933906055987169,1.3794894358551684,-0.23093118651824257,0.25423457190522547,0.28982581778999705,-0.3878579755653878
-0.5275920888781458,-0.24176584881098973,1.841407579837346,0.3743693593291561,-0.7449941707230583,-0.23427573580519812,0.07571310481202706
0.4252073396996843,0.29987710413520163,0.5866997719088913,0.07436438286116359,0.006996108901968001,1.0469877867993125,-0.09219599883494178
0.16715888409910407,-0.1666235742125004,1.2320677009646888,0.22198831044329348,0.6464475468111307,-1.0148499594596962,-0.6740809523936492
0.550956794182309,0.5447311295749,0.5385577219826345,0.4922288536554718,0.42506565042255395,1.108892035122138,-0.5037686026730739
-0.23877984262446694,-0.004474830107766281,1.2276452725678277,0.3464390141994392,-0.19541657250669492,0.33093734221156,-0.13622789761600101
-0.021647752870887604,0.1332554896155601,1.1798396311456152,0.22092661512106582,-0.4024216000282975,0.44114317030534345,-0.053730864818942015
-0.23916350242344886,0.3483037450498401,1.5901002995324935,1.364443646880005,-0.8267096272910214,-0.07907924584838022,-0.15246354778794546
0.8168583896473969,1.4825298871559878,0.23063131943510662,0.4612665498886254,0.12426252836278129,1.4219763383967168,-0.9131733629404365
-0.22070542476885202,-0.9959726387556056,1.493064088844564,1.2677651262444662,0.06733533384665541,0.022351770925434833,0.4686678764045832
-0.09050586763773105,0.23692885270215913,1.1584791515523172,-0.21740199623560136,0.630646399216952,-0.3152437240527317,-1.1202475844963629
-0.3866866637373674,-0.2975904675521712,1.4137034805826714,-0.22749093054414854,0.287657141022978,0.25503867298171023,-0.3423685577579031
0.3591004655342638,-0.36045164544541985,0.7459610283340763,1.1057217421011407,0.32635148174703466,0.7847385390566926,0.22550036225490222
0.0601684288332045,-0.13096885303252948,0.8205636213459471,-0.3740531628040508,0.6970748499532434,0.8608832894756793,-0.3808336917739028
-0.19464662256813714,0.3797086351452817,1.1913121898539014,-0.24985259437575974,0.0704104417575867,0.48115511423557233,-0.6380497735065537
0.46232292902727967,0.23213154371453693,0.6411998561651435,0.5025496215777538,0.5253333577758114,1.0045306006972785,-0.36730034925061983
0.43759325844655583,0.2106664195350959,0.6620387293505918,0.5482670199328648,0.558020745407072,0.8969117929357573,-0.24995442999302409
0.23420275494402465,-0.4829478478373175,0.8898987135287721,-0.3712713394947759,1.7626552813515484,-0.6125034126935036,-0.9784390704448677
0.03855972928098583,-0.5186026609153502,0.8358726329706201,-0.7594670354582005,0.8392412658920229,0.002580202864549852,-0.4514588989255798
0.9813010406054605,2.5622523977639986,0.43549341956570187,0.9886669568610709,-0.9772605876217332,0.7933656732197951,-0.32815264815829914
0.5801825268703218,0.49099147436627943,0.8562183200038662,0.22085109076694426,0.7489332964137837,-1.0059028891673862,-0.5270510644812633
1.2711492733180756,1.0913828898165694,0.06309224755354481,1.069523530019032,1.1267694024527146,-0.29704249992902887,-0.7254587243860088
0.49872390632783503,0.4259941605609613,0.41465983397258377,0.1763285019639806,0.482758536831538,0.7822751467297087,0.2584679749137558
-0.11838128582406116,0.08610239999430702,1.122250794604148,-0.6809445772233425,0.02136600799822591,0.16038261951206723,0.3431520902997893
-0.07365021682760964,-0.16352832840589504,1.623496911752727,1.3280048355753142,-0.752067618425948,-0.3747872161221937,0.2628739654803638
0.6247178201478607,0.5360135375605015,0.3770826453675604,0.1341957948550468,0.004551307787747594,0.9367647193021504,-0.14601556972731145
0.18098112205254702,-0.4463221442608398,1.2677363276221012,0.6126730425329652,0.1905576577106191,0.10297801392949602,0.08650229803368936
-0.12533816973657963,-0.2727776017966973,1.2386368072728882,-0.7075961324488529,-0.30643966001567835,0.1583300404472201,0.14337092579240318
1.2501036290592036,1.5303754941162016,0.16577305829554545,0.31864139979264205,0.5190551212071456,0.8104515186519268,0.2566127127084562
1.2388251786182063,1.3718162358171693,0.16229482255490257,0.9351363950964393,0.28945743437289295,0.5628065890389276,0.928683515965417
1.402363956518847,1.0322635368502397,0.1850575815226585,0.8725190711775762,0.40126077881049593,-0.04076796693121887,0.02141609817904866
0.5965352123459473,-1.8441132618366802,0.44292676011785814,0.4184634581407287,-0.7450039185854344,-0.4959656639706187,-0.37064227299393016
1.0429061167872318,-1.5939303190574667,0.13630196304948394,0.9404734396962025,-1.30383718427992,-0.5592328133772937,0.04613352028260015
1.6851193381673943,-0.7460840363597412,-0.6243712444837414,0.9449788988519698,-0.9373218701562437,0.24963754860774667,-0.30133814288272065
1.294035401393148,-0.7082314924531052,-0.15451741713429246,0.9112312639164033,-1.5879290217808166,-0.2635420825068586,-0.34052653108102005
0.07109161526313512,-1.0174734268586099,0.8467178186751361,-0.34829232226020307,-0.2262393143275383,-0.09664721374170027,-0.5895773240071932
0.7625652568765409,-1.443489376195797,0.13753870004542046,0.02470919734466276,-0.28382847385959586,-0.013310628949089631,0.2684893326448947
1.1243931305914634,-0.3074978179626824,0.05063900929605458,0.06002165690586064,0.13715321359413302,-0.2571973199049262,-0.39532701092417954
1.1027215433404196,0.841609956012829,0.3983419295728794,-0.08124263365151468,-1.1422867466312607,0.03801747270289613,0.2647513962090066
0.3982814109594863,0.46152469237751836,0.24674724763540068,-1.0014695375325602,0.043198193690530795,0.6314299376875621,-0.1873478724345008
0.559637415566729,1.461949850537457,0.7798119207253298,-0.9264898222856028,-0.7661406219233985,0.3205689085965666,0.14261521286050366
0.8432523894681183,-0.1451804425788238,0.11469007564434741,-0.024266099375157058,1.1270513363214851,0.6998914133676881,-0.40815656370706954
0.38902874705158874,-0.6090303586495718,0.34929195664190726,0.08427685344648111,0.9242219674136086,1.2295422719249194,0.19624659461936184
1.0844898151330584,1.7729903206739022,0.05643648127899581,0.005647792232143123,0.10745519250164737,0.8470643110850364,0.3127517769046212
0.8952709051764471,1.5706520190342856,0.20714222772987778,-1.0326394754236181,0.10477303149178152,0.7893175249222368,0.4858889145818288
1.0460446872414786,2.0909436759740814,0.7423057236327721,0.11226220473936138,-0.5650917445451231,-1.8030700290335386,-0.9944662083015313
1.5497361459933394,1.7079635707401166,-0.4353837873242004,-0.2071783354229471,0.18822603863456078,1.46133819028746,0.13318950797718238
1.386716238349881,-1.9326014258307571,-0.574904451611717,-0.7706578478160626,0.4431038418574009,0.3889223851125543,-0.09276979253566248
1.4753725582976136,-1.8321872106721588,-0.8021859007881544,-0.2223732972572185,-0.24641513600645204,0.43923481877247195,0.04664874534228719
1.4333564732316386,-1.2536247466451513,-0.33399373258632636,0.2898720309906335,-0.35228370506432916,0.1744480102427901,-0.40899468605877365
1.8069835918361923,-1.7256609033280965,-0.8411566117179317,0.8362594823071021,-0.16025590093070063,0.47282357221056426,0.16058031898361125
1.7959108240653938,-1.3297573741117426,-0.9697406987566275,-0.35992659224492113,-0.5703991554401883,0.6711956536952588,-0.030067184186850338
1.6301132976180641,-0.8592588752311747,-1.0640892913958488,-1.264051424419478,-0.6660382162047763,0.8058455009399514,-0.40751586917001126
1.9481711892322258,-1.1382420204617725,-1.0201333134480919,-0.08056467844160337,0.6592839086731298,-0.7093711310766369,-1.0191761248041953
1.3232128572158217,-1.9494318602618137,-0.6499838793247972,-1.0544993814442096,-0.1407569360095725,0.41748978469015263,0.056797704407908156
1.9111243467665977,-1.8684406857712192,-0.873989650019515,0.8687100804472605,0.39998005652866486,-0.3235752660777398,-0.3216174920061977
0.66215789838208,-1.1002231839964869,0.5701805658610233,0.055678312716127276,-2.0326102660552525,-0.9028281821286428,-0.23309770679124397
1.7177161463513233,-1.6601023728695086,-0.7389563458217836,0.16223120658824847,0.24095813401357524,0.5889633302911834,-0.19726802213360745
1.7593485716183164,-1.8858862617389096,-0.8446934870589455,0.6679905110209622,-0.28446635171287415,0.4437335507609257,0.24213975909550883
2.058847455358314,-1.3474413760039476,-1.045059873657031,0.8515088005767903,0.23286721093990226,-0.14963954203630703,-0.5490645810436213
2.0581128764421086,-0.8399620767237355,-1.1319759919017078,0.807017306527303,-0.4443477384315969,0.7685143030809996,-0.22607973238000867
1.7922112809770203,-1.777760834304824,-0.8240495893541797,0.837979610294149,-0.14354461637182425,0.4554299998064213,0.18332502788735372
1.701009887741753,-1.5542419798208333,-0.9170171755674819,-0.030254367766155477,0.3544748494407056,-0.2411061360454767,-0.6308320502781314
2.8462261977325474,1.2377694853952894,-1.6685379020948081,-0.642891616653495,-0.8589813345864942,0.5043181060465907,-0.6011246428747526
2.532958022076655,0.16144077645560784,-1.4061605077890131,0.43877605326193014,-0.8444350209738515,0.7103338533351309,0.10491579274115531
2.7583269114937234,0.41769060025471416,-1.4789796496676217,-0.5880793546817253,-0.08149867786173759,-0.5181971734955755,-0.7876412381159109
2.5588006302211266,0.16191599930646638,-1.3723266364459976,-0.3695000727201378,-0.26209728631198825,-0.02084215701477632,-0.4808566037017449
2.7952585341874396,1.522363247773987,-1.3046804190322514,0.6996248565446954,-0.6155342381665557,-0.7658195545416548,-1.2863592858492048
1.6151133599206515,1.0475422088894548,0.0209663248708436,0.9164914623682701,-2.278068071417225,-0.9688592202567224,-0.2571006410718131
0.37350516221074903,-0.6377822024920636,0.9433570154701854,0.10423518833431406,-1.66109278793606,-0.6505651590548056,-0.11425345857904057
1.6016482486189436,0.7647022687656664,-0.17239285214867228,0.7897914694321841,-0.5472039413269384,0.5207614206873914,0.3620249520529121
0.1478743549251067,-0.47587351369540887,1.1840704265731552,-0.6769918908786745,-1.3135359602598355,-0.6824012661198213,0.06892456459714644
0.9161349055103702,0.7576331600251827,-0.06832601574032071,0.38263894454336234,1.2625567347199809,1.6124277962560951,-0.20598431875923368
0.6722669968696406,1.06631249999609,0.8963070697558964,0.5674074815277009,0.20436592449727847,-1.4772541350837571,-1.236955497539653
0.8419891103630213,0.45579993056637946,-0.043742884340550736,-0.5493240590006505,1.325116105614848,1.3644018112062581,-0.05437194595537315
-0.16560649859984866,-0.350206101566787,1.3111791766692042,-0.16335462180027155,-0.3247883529717701,-0.6532143441370568,-0.12605491883080439
2.832499369831308,-0.576639370159201,-1.2727176624168584,-0.6618830281514059,0.20737167681736823,-1.0616280741719948,-0.004080354785208129
1.499745339682275,-2.566468938204439,-0.5336922403623068,0.3289205161706057,0.20821223422128055,0.21009889375583413,0.42894380942112653
1.8921637951282042,-1.7396020395833978,-0.8601536651361608,0.803188705414863,0.3945192283462643,-0.2511214295910975,-0.2926223587370643
2.295204429105058,-0.5138424803763135,-1.3187722314770554,0.8239867527840381,-0.034513342002117864,0.12865761642998486,-0.9129799235034991
1.9097561875205535,-0.9828032701720557,-0.9613476365505536,0.13986954275663727,0.023711434748184046,0.8150797715450455,-0.4929492378822581
2.430074054537636,-0.9890689428106467,-0.9385540820183107,-0.1041530766665339,0.0841329067592208,0.1647395151084594,0.6883720769372641
2.3101328713079337,-0.3402647957943987,-0.13221893269851237,0.8381555746456757,0.4019488857197836,1.0639816146917864,0.12547734762497503
1.4163840906134646,-0.1170443850774664,1.1539710754986312,0.9794395763281689,0.14071024712920532,0.9261611469919719,0.15848921520836456
1.6333439795626088,-1.8544330867850956,0.45693444877390754,-1.3220497150839754,0.2185504248825959,0.45651407798984067,0.33427811062527113
1.9931584034510577,-1.9707042208289762,0.3307719565883269,0.6697072318470432,0.24454999689532209,0.6982878419402736,0.4472530695864244
2.550397242397999,-1.1132627629527285,-0.2959148214224556,0.07926836406815557,0.047520028766177336,0.9565196188837026,-0.5886378468334851
1.3727110439361523,-1.3928069409252608,0.9328724833217832,-0.5179709796902205,-0.7332641733879316,-0.2596683460926885,-0.7071985925547074
2.3289962920316105,-2.122645399926503,-0.05429747034351062,0.6962015084879187,-0.017771570791589197,0.5975789780099712,0.18612053590197591
2.6904940232351358,-1.6067581565975677,-0.29067409746272244,0.7053906905920244,0.361578829053928,-0.35118182276496035,-0.449243154246617
3.435649668534027,1.4172832961546589,-1.0021444991551807,-1.0633299984654874,0.34051373822678255,0.00613807336242056,-1.8601288391681603
3.1067955859810388,-0.003875692048667778,-0.6130903615388457,0.5466468814473596,-0.5676996349271463,0.715205125075494,0.2031517532515073
3.9164986060750673,1.1406607798958888,-0.8440471058883885,-0.27371125400987245,0.5313496930182867,-0.9829159083032858,-0.5713033494366154
2.2953295447065774,-0.5070698481270959,0.43751624714078274,0.04393817414357981,0.7843467286294702,0.6367375617364139,0.72742163092549
2.354465884903089,1.0814224615166046,0.21096299296907417,0.8191203301553807,1.6641635480105141,0.034428172883052444,-0.5922459301548929
1.3236813121234228,-1.4261911910230165,1.1029578767505355,-0.12795476770278297,0.9159352501283303,1.0811185426586878,0.7348607851559574
4.119952223349549,1.9771078878612631,-0.585068718224999,-1.2233020328702158,-0.7724633563988298,0.17898946899255375,2.0700748941905456
3.394945746994683,-1.0374438616976402,-0.3765004943539166,-0.20032640800671792,1.0425375602891251,-1.0024205502374128,-0.26696980168319195
1.4546922641981848,-0.5352957074480666,2.5098878288945414,0.05984519046531733,-0.31358497224498993,0.463102039517131,0.12474001273942875
3.9696995071314705,0.008074832865767267,-0.09229139160619249,-0.20451181002462854,0.9133703291987024,-0.3905653620536098,-0.9765574181001498
3.423276094429813,-1.8312796901167328,0.40208597607669394,0.11032118567931776,0.9782652241765514,0.011763804069460315,-0.2053152388295138
3.424426522860176,-0.833540616480517,-0.019562418679278215,-0.4384988174984717,-0.6923396141071844,1.0177880049168433,-0.5027110620190974
3.426858476717758,-1.6922742134599036,0.3145503249130821,0.5907352747614388,-0.26070423147743205,0.7585655743545696,0.11785453186994982
3.845406000469989,-0.9218940225563046,-0.07425914554688773,0.6543046881930544,-0.02923313701319119,0.23758434766248815,-0.84823259046384
3.1437526165359166,-1.823439305038333,0.30547100623200074,-0.4058163857445783,-0.3748252074885353,0.6873101292381216,-0.07056159284799263
4.618919803899839,1.4642588923855464,-0.47237874240375094,-0.9639498555063868,-0.734113486945633,0.04399859080105406,-0.060204677355943315
4.3763004162759955,0.5333475759118513,-0.24941587155529077,-0.9278330928073231,-1.1001613294125479,0.7045479559311598,0.556297027775084
5.163724958183325,1.3530034011969025,-0.2839774222136284,-0.14831490853419055,-0.8270079779026754,-0.008450781398317453,1.8869765778713807
4.419649263478726,2.802666592872418,0.727060050651134,-0.6577222645112226,1.2760588479052766,0.05409617406766065,1.9568101391381436
4.252311052663845,2.3425252592379078,0.8014990310381165,-0.11211842844028325,0.6599242374747166,0.18570342064478673,2.83778374516931
3.506810618115603,2.3344974717111606,0.5622653847678045,0.012375561775922639,1.6405996201586723,0.6432348653534641,-1.1167080315707785
4.009693056100368,-0.26597467006249875,-0.03504012426249514,0.37905886091689156,-0.6323971027840029,0.8408150990348009,0.24393331349934916
4.973965943675452,1.1561843679409751,-0.4510250431011618,0.1911378048312136,0.02974759045954689,-0.9395303551795902,-0.2047267473038275
4.829778776388672,3.390801952779692,0.4479545321789893,-0.13987429848006222,1.40138253234871,-1.1145654709788912,1.9144198800321672
3.5073640852961914,0.04077444414713649,0.6518457495753018,0.43618231041630895,0.08172231840628619,0.9878098380112581,0.7565305211389652
3.0922690180183148,2.640684226384315,2.1829645656073735,0.5858609209006821,-1.0184526881437683,-1.1812642051731173,1.093287317652298
4.028922785904831,-1.2420742389513466,0.3648460451561697,-0.2788612352846262,1.1492006062676046,-1.0821970767059392,-0.11889538474427591
5.307581082245963,1.2749826607576118,-0.18087015358966174,-0.8264418728919571,0.5729413502044001,-1.2961234358703093,0.8405440224682276
5.6298052448539355,0.7672430477933218,0.516516420431467,-0.1405889212908366,-0.7166246076389414,0.0676276930683668,1.8324693591251227
4.541168315668676,-1.3136526586753698,0.7104488224293706,0.565754862660736,0.5166312155026175,-0.315357241283877,-1.0365840581924801
4.576926325460102,-0.4108590666765901,0.6906322938030007,-1.112664735253838,1.2704907576888154,-0.635728277327881,-0.6662645303160427
4.833124719582853,2.3580079980899007,1.7152026719369151,-2.040908697416837,-1.7112327446341293,-2.9042584475450237,0.5219131645589002
6.340594226874926,2.24916674755267,0.08359879772180423,-0.36028893120607713,-0.08756115484768989,-1.004310562238551,0.8080990481854257
6.264852069354397,1.7837062453330381,0.19760299888847377,-0.3260537549506219,0.03305838043212994,-1.3355083162132892,0.9342984479225728
5.712308080093472,1.146020907456888,0.34955380561591,-0.061747560220111464,0.6452431549117356,-1.395540462527489,0.911548168388805
5.798390285183338,1.0771334255838276,0.25775337042927915,0.001960704451025308,0.03993769595877528,-0.7678935466595735,0.18936308381390848
